{"cameraMode":{"drawMode":0,"name":"Shaded","section":"Shading Mode"},"sceneLighting":true,"audioPlay":false,"sceneViewState":{"m_AlwaysRefresh":false,"showFog":true,"showSkybox":true,"showFlares":true,"showImageEffects":true,"showParticleSystems":true,"showVisualEffectGraphs":true,"m_FxEnabled":true},"in2DMode":false,"pivot":{"x":263.8090515136719,"y":119.18973541259766,"z":-29.97620964050293},"rotation":{"x":0.020745975896716119,"y":0.9792209267616272,"z":-0.13839320838451386,"w":0.14679297804832459},"size":404.7742919921875,"orthographic":false}